,ID,NAME
0,UC6FcYHEm7SO1jpu5TKjNXEA,TGOP 這群人
1,UC7ovu6a8ydIbDy0fAKmoZ9A,相信音樂BinMusic
2,UCPcF3KTqhD67ADkukx_OeDg,滾石唱片 ROCK RECORDS
3,UCPwxSX0DYDMQxCvgfeVDv_g,蔡阿嘎
4,UCStpPtoeQUYII1Jsbl0qf8A,華納音樂 Warner Music Taiwan Official
5,UCnJEWsS5agXCkqIpyHC9Grg,阿神
6,UCeo3JwE3HezUWFdVcehQk9Q,阿滴英文
7,UCCsUQXwhDj4iVlhG4VCq6Kg,華研國際
8,UCIdhd_1spj49unBWx1fjS2A,聖結石Saint
9,UCKUlsqazP-4QmxdEtUPlxOA,杰威爾音樂 JVR Music
10,UC-z9BI8hMHNPrvnccyWgjyg,我愛貓大
11,UCpgt8SEyAy5tbr9BzVK8Lsg,魚乾
12,UCuLKTkYGCXako3wMktwrbkQ,放火 Louis
13,UCSckEwXBJmJEUzIo6NplQ5g,菜喳
14,UCEsinqZjZ11w0T9ZvyKIr6A,福茂唱片
15,UC6VKHP606ee6ffKwKmBHSig,人生肥宅 x尊
16,UCjhwHd3mgmqm0ONm0bXKmng,安啾咪
17,UC3LBFXbWtEBdOOUb8-qJm9Q,眾量級 CROWD
18,UC6yxPVu2b52UVJQEwCTzivQ,老皮
19,UCNMIUvGvW35xL294jqY3cwg,舞秋風
20,UCJWXJTaLqI5KBnJuaXbCaTg,白癡公主
21,UCfMiXMUBXxWiVrcXw2GV92g,噪咖EBCbuzz
22,UC24h-JBUHXT5HXIK_9cWOmQ,小玉
23,UCBgdVDkSsiPBVop4-Ms0ihQ,Stopkiddinstudio
24,UCd91HSXKhsIv8PIjNrDByHQ,林俊傑 JJ Lin
25,UCQU5uVTG8h9LToACKrm1LMA,我愛玩很大
26,UCmdVfsLHu18lCkKYXSOGUxg,中時電子報
27,UCghSH7oEVzV0esSVhGQgQSg,counter656
28,UChX5JaALoA1o80Cc5zkQz_Q,sandy mandy
29,UCizhMTp9vKkpdcbqVLdDmdA,頑GAME
30,UCVw4CvsOUuVJpFyW_VPnIBQ,古娃娃WawaKu
31,UCKQVSNdzGBJSXaUmS4TOWww,關鍵時刻
32,UCgL6J6oL8F69vm-GcPScmwg,巧克力
33,UCkELMMBdy4gPj6ooQwYJ-yg,我愛大熱門
34,UC5l1Yto5oOIgRXlI4p4VKbw,中天電視
35,UC4Aclpo5YyXbKPeiZNO_uiw,DE JuN
36,UC8MQLq2uFUa-HXHCVjHlc-Q,聖嫂 DODO
37,UCyK2vMlUppYxLi2dwuipcqQ,巢哥
38,UCxls4ftUSbEcrDR1zQWIwfA,Hello Catie
39,UCK3Ycl9dcHk0qz8yoN-6phA,the劉沛
40,UCgQ8olRhkepJWlVF9IVmPGQ,UNIVERSAL MUSIC TAIWAN 環球音樂
41,UCRNsHFT7BFoAPBcuAa5sgEQ,Taiwan Bar
42,UCOf3OYchR7r7FjkIhD949rA,大日宗
43,UCxUzQ3wu0oJP_8YLWt71WgQ,HowFun
44,UCIF_gt4BfsWyM_2GOcKXyEQ,啾啾鞋
45,UCPRWWKG0VkBA0Pqa4Jr5j0Q,Joeman
46,UC70PeB5nrFIxbJrpqvBkaMw,翔麟
47,UC7SHHIlKiJs_-ORerKPL1kA,鬼鬼
48,UCAB7g-EUHjuaAliqShDOvNg,小白
49,UCRevYqA7N-NrSCGSm5k-KlA,Jasper 星培
50,UC0Q-fBheHysYWz9ObSEzMdA,超粒方
51,UCqAYPUHgXuzsNlYNIzItfAQ,在不瘋狂就等死 x 狂人娛樂
52,UCIECJyQ6meDyN-UnVHgXAMA,台灣達人秀
53,UCeB5UXWltaHtGoxkwGXLzpg,這群人 展榮展瑞 Keelong and Rays
54,UCflli65jykYa6D0AU8JSuGA,MaoMao TV
55,UCwdLMfWu4X1QpbQJAEGJ1ig,皮老
56,UCQsSb9olGaDXji48WtAUV3Q,JerryFish Yang
57,UCvYrLM80D7-sQLSxIehqLEQ,馬叔叔 UNCLE MA
58,UCR3asjvr_WAaxwJYEDV_Bfw,東森新聞 CH51
59,UCCBq7s8VOCyek275uvq5lYQ,三原慧悟 Sanyuan_JAPAN
60,UCnMlG9P337rFzaJVly5EZDw,黑男
61,UCiMiEL1XRXANaypB2wEdr5w,民視戲劇館
62,UC1tp9qN7mqIJ7CLVNVvsKzg,冏星人
63,UCrre_NCZ69nWUEpi69VurkA,SeanChou Music Channel
64,UCMFYhD8q1axdmdVR30EDExA,觸電網 - 電影情報入口網
65,UCSR9CHNMIg7YoNezbv4bh0A,GINA HELLO!
66,UCWGGwv7agoMmd3BAu4Fv3jQ,NyoNyoTV妞妞TV
67,UCEfetJrzg6OcXWWuX8uhdhw,WACKYBOYS 反骨男孩
68,UC-MByr5LRnWmVN94Ija4XJg,buycartv
69,UCekadoaN7x7g7FlmKg13jWg,Garena 英雄聯盟
70,UCNz2YbRPdGvyBq5qq7iqNwQ,"最愛,國光幫幫忙"
71,UCChByo3iYdAtM54WzptEPkg,星期天
72,UCCqnLewexMM7LwGzqpMpPrA,Garena eSports
73,UCvvRoTz94B_zjDn3tcTGeFQ,墨扇小強
74,UCgDQKFV2rMNzTE8Y3rHMVbQ,黃大謙
75,UCrgy9P9zXErYmq_VPfOshfQ,巧克白
76,UCKngQgSGHd3Hp3nkPs15YSA,LNG 實況存檔
77,UCOTwWD74z-HLTkzsHnkMBgg,UNDER LOVER
78,UCHNssUZfeBCj0DuwqYs9nPQ,阿謙 Kouku
79,UCzlbQkl8zRJW2LTW25oU0-g,謝和弦 R-chord
80,UC0SkNQXPJ60hKEFubOz0fDA,Dinter
81,UC5nwNW4KdC0SzrhF9BXEYOQ,TVBS NEWS
82,UCiWRSesvSYmY7YOyz0tv_zQ,YOYOTV
83,UCctVKh07hVAyQtqpl75pxYA,楊桃美食網
84,UCKGkddRGEejDcNPPqj9-HcQ,遊戲大聯盟
85,UCTRpM-tjQqa_zPN7cm8LqZw,Odd Cactus
86,UCRNsqNFhDF8exJpwQuCOXqw,英雄日常Heroisme
87,UCopwutkKMLyT58fJh3ZqLZA,靠杯星球 Fun Planet
88,UCR2NvuBypJZl9n11qLAauWQ,八大電視台娛樂百分百
89,UC6DsD2j3K3nJkO0ZuGwsIUA,阿津
90,UCH2utn-hlI2kTJMfUFZNmdQ,舞秋風直播頻道
91,UCDCJyLpbfgeVE9iZiEam-Kg,中華電視公司
92,UCyD3eaCai2yyWZEuczgZ-fw,I'm Charlie
93,UCclEnpUoaP35pnvWvYmnODA,梅伯
94,UCZxdOVXIBEnJUQkhZgeOTTg,蔡依林官方專屬頻道 Jolin Tsai's Official Channel
95,UCmsVtCaQNb5lvmKpYaqZJTg,江小M - SmallM ლ(⁰⊖⁰ლ)
96,UCiw1PpoyhQ-CbgIgG_2_Jsg,懶熊
97,UCghPiQIi_uyjF1YHKj-FhGw,台客劇場 TKstory
98,UC1krNaypYa_vx9W2Kvku8Xw,小伶玩具 (Xiaoling Toys)
99,UC7S48XRADBqamQbgLxpBFcQ,Eric周興哲
100,UCec6QE03CMLgtf0f1-uDdbw,加點吉拿棒
101,UCVwSuEeMi-w92Hx3xKfq0iw,TGOP 這群人私生活
102,UChLEhd2gouo1H-c9Zy9WGDA,台灣蘋果日報
103,UCrBq9GPtUdKaYpiTFY_E4VA,百變沛莉 Peri
104,UCdz-LcN65kBCBrQVGw4ZEmQ,阿啾小劇場
105,UCmz9AByDgj_tLgpXXQMhxJQ,羅伊 Royz
106,UC5G3hwgMUUlouYTgI_OVPuA,魯蛋的頻道
107,UCtcaZ5FUqaNXGX6xhpiGPQA,蔡阿嘎 Life
108,UC2VmWn8dAqkzlQqvy02E1PA,民視綜合頻道
109,UCFtUq0ml-coWmD70Pt_urRA,台灣索尼音樂 Sony Music Taiwan
110,UCgHUl1pwUVfrX8QotB-t2gQ,林辰 Buchi
111,UCk0TqVyUcT3VDYzF2A8MvCw,腦補給
112,UCYgpfeq5JyEo_pPmu-4VLiA,阿兜仔不教美語
113,UCWHlzo1HmN2McgpEuAORDzw,台灣華納日韓官方頻道
114,UCQQWDKpvBfeRmsvoVs4P5Fw,Aoi Chen
115,UCohOr1LlszMeXkSPCU9T2ng,阿斗归来了
116,UC2TuODJhC03pLgd6MpWP0iw,三立LIVE新聞
117,UCOa5IFY_zbL5UHkDjFNuYOw,Sara Shang
118,UCLW_SzI9txZvtOFTPDswxqg,木曜4超玩
119,UCYt4edni1As9kExL9Q0YEuA,羅小白 S.white 官方頻道
120,UCjZCm3uuhkCvTYE9txucVcw,黃小米 Mii
121,UCe0J0Icrv2hGsyWWioBuStg,BuBuChaCha 傳說
122,UCUFNaNGi3lnBPq4gtdfJCAA,INFINI HD 4K ( dan201 )
123,UCJMjp_3XLlQJg6pPfuD4L1Q,蠢蠢
124,UCgjnr7bWvrYtSBtvbm2Pk5Q,JasonChenAsia
125,UCuzIc0_S6xqT7ORRuuzSWBw,夢露 MONROE
126,UCnoxAl_VG26Ucnef-RiTa5A,蕭小M
127,UCSjlTrPYRxwiNzjGiuZm0pg,AnDyWuMUSICLAND
128,UCa7KELKe1u9mQ5jWMdIB-HQ,阿晋
129,UCFsXFlbI8FpNAVQ_RL3I4bw,瑪莎與熊 Masha and The Bear CH
130,UC4c-wTOqEID-_vH4MhNs06w,巴哈姆特電玩瘋
131,UCd7PrpU3WR60jMEZu4rCqzg,豪記唱片 HCM Music
132,UCRfOaVN_wLZLRkMT9bFj0HQ,囧星人第二頻道 今天沒吃藥
133,UCCFgz3vG9fEeTPgVYL6kCGA,麥卡貝遊戲頻道
134,UCDwDMPOZfxVV0x_dz0eQ8KQ,暴走系列官方频道
135,UCGpNjY0Xq2GJLXh4OOX1LOA,滴妹
136,UCnnp2fWa77PP2h08T7WAzzw,館長成吉思汗
137,UCMy0L5Y-h0-s8t4XZs49gXw,解婕翎
138,UCj_z-Zeqk8LfwVxx0MUdL-Q,上班不要看 NSFW
139,UCorCUJPSqA6glMmP_XvvpfA,IGisele
140,UCH62AMbLmJy_PRI8SZS_F5A,悟訢
141,UCa40JCy-ESpqENGHBmml7KA,PopDaily 波波黛莉的異想世界
142,UC_fW_2QuZldcT3FhCYQ_2vw,楊丞琳官方專屬頻道 Rainie Yang's Official Channel
143,UCL7bheTrjSa9wipFYHw_6gA,東森超視
144,UCxPNkrTa6JsmHvxBKYu4bwA,小草 Yue
145,UCBBxttXO0g22qWeS2Hwk82A,樂人TV | 華語音樂娛樂影音平台
146,UCwlQXZodb95PSBix8QWLI4Q,茶杯
147,UCFtzNF15v-mI6ZgoC28mlTA,頑GAME的生活頻道
148,UCIS2CbcHBbA_Z-PKJUWLWzA,麥卡貝精華頻道
149,UC3P83RUWwKbZ4bkhNti4ZuQ,vlsports
150,UCUUR_R2NnS3c5K0wrXqSs3g,LJ 阿飄
151,UCr-WySyjjaJ2-_0-Kb-480A,心懸
152,UCmzFdb2d8YXO4LvJ5zwvTrQ,U17.com - 有妖氣官方頻道丨《鎮魂街》熱血來襲！每週四精彩更新！
153,UCUy-lBPiJYWXTvfYHiCb_-A,黑羽
154,UCH1AHDav6J-2XYkl243Uj3Q,愛貝克思 avex taiwan
155,UCX4mrio01mLc8NhThmYYadw,HCHS63rdWilsonZombie
156,UCPARDnYdJQBJID-qyefVKcw,三立電視
157,UCo-2gR7lMv3oxvzSuJafPJQ,News Direct
158,UCet3uxeYnTk3n1acNCNlJgA,東森綜合台
159,UCXdRvUovEANz8EZEe67e8Sg,TEEPR 亮新聞
160,UCvMNdfouD0DxQ8gaLhGbZ0A,DarkLiberatorZone
161,UCLh9M5KxWSlIqh2EC8ja_ug,Alan Channel / 阿倫頻道
162,UCHO58jo7f8lJbrbWukIxfUQ,親親2o音樂LîvË
163,UC3hi3cz42bDrqozo8UkyU1A,Sunny&Yummy的玩具箱kids toys
164,UCJLamnemOxF5F5v7u7ywSzg,MiSTakE
165,UCmArFxfDybtCbo0Fa0Z2xxA,壹加壹 ILLY and LEAN
166,UCzSm0-8lrP3zhO-KS7D4WhA,納吉
167,UCBFfSTHNrtmxjWxFEQQABEg,蹲蹲
168,UCI6JZbv41E8csobYsXKobBQ,哇萨比抓马 WasabiDrama
169,UCE-EAIGPHvrvjMgNI9EKh1w,曾勝傑Saint life
170,UC00wMIWR48SYidE6jmpL7Qg,食尚玩家
171,UCMpoFfVaAfaqMhlwH4FpYeA,連環泡有芒果影片專區
172,UCMmfAGuMJlrs5ZWsQwrJtpg,Now 夠了沒
173,UCd4JzeAkgTsyJDEkWC11PoA,A Jie
174,UCYjd8tJecQPnyEbaqukg9mg,兔頭(TuTou)
175,UChQqjdJCE0Pe11Sj4FifUPQ,ashlyVDO
176,UCA8bCzgjqO9rb3bjzzWaFXw,newapplearial
177,UChMD47wga5QpBnplqBb2x8A,Fitting Room TW
178,UC5HwZ4gs0pAVZ4GZ3yyXCgw,6tan Channel
179,UCcG2HsNjnAbWOT6E1DRxjGA,我是RT
180,UCI2WLm8J8y_Upm0dVdGZFQg,紙片模型
181,UCtMM6QD3n-jCjUfvflarboA,Best League
182,UCLokbPMY7AVM8cTxo4AQ88g,真電玩宅速配
183,UCngUVWLGGNhBfzQNc2uYedQ,胖虎
184,UCiYZw0h6hA5ENlPhTZFTHTA,VS MEDIA Taiwan
185,UC0w338Zlnrm8rUXC1GB-FGQ,環球影片 官方頻道
186,UCr-8dNDiVQHpWs7Znw4UQdQ,Yes娛樂
187,UCVN2-vFtLs0MgkjSjDVmNoQ,黑樂
188,UCvpKD5bM12uhpojhyhaANgg,Oh!特爽Alter song
189,UCO3bfz4KY6zGT5IOaFJuxpA,中視新聞
190,UCqxRJpX52Q0nxcHf7hqdJMA,可可酒精
191,UCI4i_uldRR6zTLjWTEL8glQ,地球黃金線
192,UC3-I23qIQk-2rwi7cnntIJA,謙桑
193,UCH_5vj94el18quHAg_QwlMw,PTS 台灣公共電視
194,UCJES7pjHlSyxjEOdb1PNTrA,Will Shen嬸嬸
195,UCJP8p8a_w5qIQk5PAMNzz8Q,牛叔说电影
196,UCSQDBUyq0Pqko3TFcPrMZAg,老頭 Old Man
197,UClrEYreVkBee7ZQYei_6Jqg,大愛電視 Tzu Chi DaAiVideo
198,UC9xIQpmr26OX_0ddvYDde7g,Live 堯
199,UCZnk70gBD8P6mPe9PDkj-eg,Life樂生活
200,UCH1jieeP7Ecpo4s-pPT9FWQ,JR Lee Radio
201,UCiEHmW7zRRZIjBsOKZ4s5AA,哈記
202,UC8Gm6D9Y1iS1tHMrT-Mc9jw,FHMTW
203,UCqt2wXDIAih8_OC4rOgMSyA,你現在收看的是RED
204,UCIU8ha-NHmLjtUwU7dFiXUA,SETN三立新聞網
205,UCQT0OQXP4wndmrB66JYmLGg,靖元
206,UCkcXGXQQi4yzChVZ-xYc2Ww,MXuan 董默
207,UCeWpnecfnSp5biVPfJyNNJg,老高 Godspeed
208,UCdUp5t3-EvttAOofRqpeGBQ,6YingWei快樂姊
209,UCnfQv7kzO0AWxGursU1GSKg,Hsu
210,UCkVeDTyXgHbAs-wgvwr-miw,巧克力Live直播台
211,UC5VFvRqJYiLp2jzWvix9O0w,緯來綜合台
212,UCDHFwAm3jNzA1jyL8_Fb25w,C's English Corner 英文角落
213,UCJdMrdkCXs5FkR3DHlor81w,嘎老師 Miss Ga
214,UCjpOUB7ejhZGdo4FG0FJH8Q,小A辣
215,UConGzTzcZb5iw6Ic0Jf7jIA,魚乾 - LIVE直播
216,UC-B7aBOFc2hUcCxricMazuQ,怪物彈珠〈Monster Strike_TW〉
217,UC02UVoPQeVi5yVJAMmn1Fmw,全民 瘋車Bar
218,UC_EFAJRh-VI6unUG1IcRE3w,TGOP 這群人廣告娛樂
219,UCwIC7PSwQ2XcJP5y4Zv20Iw,紅石口袋 RedStone Poke
220,UClFho4Masrje8KWJKtzWV0A,Naup 納歐
221,UCpLZwIVLHGwmffU3ciWZF5Q,江佩諭
222,UCXpbSh6g1ZWHxk-UQv86VzA,LoganDBeck 小貝
223,UCpOoMeWtFFi9umoK13jLmEw,無名氏 Regularthur
224,UC0G6_6cFX7TU1dTFiluNDAQ,朱綺綺
225,UCKl0gSq0JOcdzXTrS4gk2cg,VOGUE Taiwan
226,UC26yzarWe2NjWqemG-kHWZA,壞東西
227,UCIa2J-D_OQf7h-WIwV4ApnQ,Jason Piano
228,UCiUqtdcv4uVmpW7Mmqfh1Yg,瘋狂生活外掛
229,UCNrqsHy4-PbQ5yuup3zunbQ,Kano Translate
230,UCVXstWyJeO6No3jYELxYrjg,NiceChord (好和弦)
231,UCi7-wJE5pUUPvMTqIlGBUow,Max Kim
232,UCTPPmVw8pCUmw9tfY_MaKNg,三個字SunGuts
233,UC6LHN4GnT2ui5wRBQanNKxQ,Semenix Gaming
234,UCJ0NIHT01EbM1eJVcPXNZIQ,老婆
235,UCX2QxLnxFSY1GSgIdJaE02g,梅子Plumy
236,UCvfdPn-CJXwnqV733NPRLYA,紅月
237,UCWkLmxOW1ifqJonW_B3xjtg,TTV 台視官方頻道 TTV Official Channel
238,UCKel0NvK8RXOMRtOIgC-EmQ,西方慘敗的音樂盒
239,UC_vkgr-A41Iz0H9SoCPz0KA,Celeste Wu 大沛
240,UCuETX7HT959-oS2h2QY6bNg,創意世界 Creative World
241,UCqE4UaBBTOpxP6JKN_uPGWw,zass 17
242,UCOPRIQpsikpMDmI_VOwnbmw,兆佑 ChaoYo Fitness
243,UCLxgmFoME3SDRyzxeJKj4Rw,atsukiFE3
244,UCa2rVH7Kefp6SAFBnkgTDKQ,熊貓團團
245,UCXpxKdZAiyUEaTkoCPpEZzg,葉式特工 Yes Ranger
246,UCxOwjV5DgGbawofhDmOTlkg,SV 科學歌唱
247,UC_XRq7JriAORvDe1lI1RAsA,呱吉
248,UC1OmzW062Tci8eDdjrX-OHg,愛爾達綜合台
249,UCCo2zedwJo3oAzpPMhyydwg,Astor 街頭時尚
250,UC6c_lz6LfUY79KMiC1tRMgw,DAZZLING
251,UC1QSgsf_2UVdMrSP9t_Lw8Q,3Tyears 三千試煉
252,UCI5aVjzkXm7SlJKvRSveM4g,無尾熊
253,UCWxfjEWjeiOGl-9Qu_wWIMQ,CoffeeTea&Jane
254,UCKasU7vokebKaR89xUwTNBA,God Tone Asia 張家兄弟滑起來
255,UCdpxNQgqL3276yjrK03gMXA,華視綜藝頻道
256,UC24A39Q2AULW32RF_4qtTJA,幻燄牙月
257,UC4TdESJrm5vfSwvVpfpziAw,火箭龜
258,UCOg3uylUw1lQHweawmzstUg,汝汝與杉杉的魔法小舖
259,UCkCeNTnUUAC3SHPoBfOeyoQ,地下11樓工作室
260,UCxvzHJ0MrcI8q9kj4zfJEVg,歐小憲
261,UCNlUoHdgrCMP4MWzkDjvwnw,CobraCamp
262,UC6UTpmZO1T7idYsFcp4RK-g,Allen 愛倫
263,UCAgYdPTB3t6xDxexaoQjcYQ,長風錦夜
264,UCUVoMjr0JeuaVb0_dhlVHig,NhamC
265,UCAM7yIYvZGYLJR6z6RqLlNw,超級歪 Super Y
266,UCjzelMo2UzgQKXdxyPD15Gg,阿杰 GAME實況
267,UCXmfS5whB0JOyDCqtDgcytA,凱拉特
268,UCOUQ5p2OifenbNkCD6QGZJg,Funny ideas
269,UC0W2TF3CVh_EpVc8XfUtY0A,棋樂無窮桌遊XDDCAFE'
270,UCRrOsab_je2oAJmxGt4_Vgw,B.C.&Lowy
271,UCAP-RlZIah4oVUWZhg8se3A,米娜
272,UCdFyD6_8485ajuKML_6HbiQ,Power錕的紙牌屋
273,UCuzqko_GKcj9922M1gUo__w,５７東森財經新聞台
274,UCnNnFMU9A6R3z16bC-erz9A,吃貨們
275,UCU-swpBLny7YEqNJB4hI1Kg,有感筆電 Daptoper
276,UCoLBym3TDTiWPbIkiiWXIig,法寶影音
277,UC52GIWmRR2t3YqtGrKJeZkQ,聖凱師
278,UCkEhlqcq_pJF85tqziDJ54Q,苦大師 | 射擊遊戲評論 & 劇情攻略
279,UC4G3lPPWm6qtoWtRk4vyGwg,TomoNews Funnies
280,UChLtl5F5QuXoUUzlagvHY7A,動畫 怪物彈珠 [繁體中文版]
281,UCrLO-yoAu4ZTzRSdmWqS53A,碰碰狐 (兒童兒歌・故事)
282,UCzlIY_B9uPngUnRMtVVaGsg,種子音樂有限公司
283,UCp2dhjQXkhY1O40lj15JQzw,Luke Martin
284,UCmKy7mz6tRLv7OFdSqbAkrg,SLSMusic
285,UCYo8FANgeH2ONA898HbzHKg,57新聞王
286,UCcvJMrfZytewRd0VcC_oKpg,PoTV
287,UCPc04yosaJUFwu7zfpms4ag,雪兔
288,UCLEGd_DaevBz6kv_80io7Qw,Tobi 米妃
289,UCFsZv0a9m8UBgORNVOu9VNA,G白
290,UCAgeqqBDuA608bpNRr9_FBw,祐子和阿叡
291,UCO84OYqk-JH9Cf9gxCvjyaA,假奶
292,UCjnzXM76KQc42etbXGRZcvA,黑白熊翻譯
293,UCnTLMtOK5P0OHv4uxUK2m3g,KosmoFit
294,UCOmxt6hJpmwTHnDj0vkR2Ew,好倫
295,UCwAbpk7Jq5ursZLJXCDULnQ,《鬥陣特攻》
296,UCQxU-N4tDAWy8utcPl97M9A,夜問打權
297,UC9PgOfe31ShK29WHmDNnrVQ,空姐忙什麼
298,UCeBV-NLv8qTevbS0EKK-9Tg,憂比
299,UCj81obIdI71INkdyoL_pIyQ,eTV行動傳媒
300,UC6AAqC2eKLpQ6c_UfKCuSwA,Joshua Se
301,UC03TQJruWj6HP5MgUKk4jJA,Dawen 王大文
302,UCzrc6QWG5bduYYGnMbnWUHA,Lucy Live
303,UCb0gOL3Ow7srd71q2AK8Q3g,迪鹿 DeluCat
304,UC4bokYuSrVGpI6_WYv7Gdbw,The News Lens 關鍵評論網
305,UCBvQ4hOEoDdYeIBu0tE-7Sg,閱部客
306,UCRFkRn2MMZLzm9Ib5-jdLLA,心靈享宴黃景昭
307,UC-FKlR66LJJkPrGxzuwmcAg,青青AMV
308,UCv8VVX5lDyDES9HE4KN99HA,彭昱凱(阿凱):09-1688-1688
309,UC12vwpyjud4u_haN_8fmMyA,Six Wang
310,UC4C58dwZPn_Fd5PFdFT3ESg,心靈語坊
311,UCzidYiSzphWZEF3l5hMxKvg,Dj Pyromania
312,UCvoE39u9syZ_C9vbZ-9tQuQ,閃閃
313,UCz0P_XH7U-yI6KZ9P0uQIlw,廣告裁判
314,UC3CAWF9hEtEgaq4vxSQajAQ,XL(陽雨露霖P)
315,UCByC1fbUNEALqVm6gGojZmw,Bes Joe Kampo
316,UCidwPAdN3UO59sMOZX2cn6Q,甜度冰塊 KaoBeiCold
317,UCVIycx42aqhp8-ZRyeLN4Gw,亞次圓
318,UCRYM7X1WTLZeFHf4uuqkYCQ,新聞挖挖哇！
319,UCZFdqCIdRuftZWQiJJBlMsw,純音樂 安靜
320,UCvuz0-GrFYmBe75bQa1yqtA,DMoon 殞月
321,UCL2W42oA1TPsnsWn1py1m3w,Ksnancy
322,UCtmb2nQhbT2rxxpmbdRjvVg,國家地理雜誌 National Geographic Magazine
323,UCrA8d7uAh9k_ojaEPjg82wA,MTV 我愛偶像 Idols of Asia
324,UC2C6JFuNNe4iB4mWtH6BzoA,阿脩 Marshall
325,UCWXwLgVslvBpzbGBz4lj4-Q,Chaozhibai 超直白
326,UCr9RKb5YHx3LrItB_ITFGoQ,F D
327,UCZ4TRzTCNn7w4v0BdEWXffA,十三恩 13N
328,UCmgDmqjxbkqIXu4rNbrKodA,TVBS 優選頻道
329,UC_8ZjJOUstueP1MeaZPdzeg,RHUNG
330,UC9-Uhl-XwV7ruCeQ3wFtVcw,三尾呆犬汪汪
331,UCQbyKhmFHIRptrAJMSwS-dw,NeKo 嗚喵
332,UCzqlJ8YEDtFJNRc-b1lzeTg,xpcubex
333,UCI1zO6-A3h7DHg-R_x34vLg,GQ TV Taiwan
334,UCMUr6TfsYkVtdLU7wfZbEQg,RUBY YEH
335,UCQkAUoa28FZfffFI8tTQ71g,HandsomeDoge 帥狗
336,UCeHdCMkxJSYJEki-A87mDbg,顏社 KAO!INC.
337,UCe3PhUbAEog5gnEeht17hQA,臺灣交通鐵道影像 台湾の鉄道映像 Taiwan Railway Movies (BV2DP)
338,UCkBTrDS2O8WMGHtB3kK8Bjw,尸吊可可
339,UCiwXV-MzBk3nb1LOXa1tURA,SELFPICK
340,UCgXjKdruFuLXv9X2FK6_Q7w,PILI 霹靂布袋戲
341,UC9YOQFPfEUXbulKDtxeqqBA,胡子Huzi
342,UCMVSISgQ-wHbclLkVbe2Apg,倆倆 ClaireCheer
343,UCKuYX2obN2X3Jz7t19PYCMA,小葵
344,UCKbFUCKQQvhm4bSE-dQvf4g,Lucy withClover
345,UCtbafYrdDNV1yxEi4_q2-hg,Auto-Online 汽車線上情報誌
346,UCWYa0v8bpGyYr0ycqGXifVQ,佑來了
347,UCmqOPqjtFi-QppW3wDhPWEg,solagas
348,UCUegeLyR331WiVynFDoEQxA,Ashlee Xiu
349,UCdY6kbsDIXuSJv3RF4vuFrg,The Scene Taiwan
350,UCi1RmNeR54u4rOeyaWCY_Vw,V.K克
351,UCzi4D3G_3oEvnVoGDu4inJg,逆流音樂 FlOW Records
352,UC6scQH5jmzTnrRlfb1QsJfw,楓葉綠茶
353,UCMQHUwsJVuJSP0hpw_ATNcw,徐老师官方频道Xulaoshi Official Channel
354,UCxFl_uaQvvyllgYnCCf8ePQ,JKBnightcore
355,UCafJ3hmXK3EmX_04SdbKVgg,小熱唱
356,UCHqGV9jYcp3-3A0egQaHZZQ,aub234000
357,UC0dC3qxcjqC8sZ42jOWmqYw,喵哈
358,UCl0RvqKr1lnmecOEX157W1Q,myTea 德國草本茶
359,UCUcRuzGBJX17lL-kzbxwzmQ,王詩安 Diana Wang
360,UCi6Ki2oniUnaI1pne31TFoQ,Iku老師/Ikulaoshi
361,UCVjmBo22Mimyc4NR4Nz89MA,錫蘭Ceylan
362,UCx8xC7vGO-lBmNXRjqtU7Ww,京川魁
363,UCzuH3UncFcXOKrz4XOYARTw,NGC Taiwan
364,UCu-Z5_JU2bJlTclRrCjBJBQ,至尊星 Supremestar
365,UC4xrKaU3_K-u118gTYqiJww,六子心世界
366,UCXQzU1EyVv9SilWPOJ9XFDw,Lexie Tai
367,UCxZfa0CeFxtTw3ukM8B-75w,Yahoo TV 一起看
368,UCVuZBQtpckjuW9KciZTLfIQ,LittleLove 黃小愛
369,UCfrNiF-zB2LhAOL5txBO3XA,CyberEditing
370,UC4yqHRuyNbrF88iNcNfYUng,奏邊緣
371,UCr5BddUB1erIFZJLgs9ziVw,老王 Wannasinging
372,UCEHigYJDCSJxHQvA5loACTg,走路痛 WalkTone
373,UCcscqjnKyqnPe8xmAgNjRVQ,Reco
374,UCSN7UA_mNhk1FT9epcP8n_A,EagleMusic
375,UC6rPKxdlOSh-mo-QvMXBqtg,萬人迷電影院
376,UCrsqlIj83M6jdUehLWSX4jQ,小次郎
377,UCmpuYQk8yR81RXulqbYZsMA,狸貓
378,UCnPpZLJJYIsyJeCuaIjKVYA,好尸
379,UCOYTv02i7RRwQbO_EgsxD1w,菱形醬
380,UCZ5Wn4ss81cVKSk74Duv2BA,何必日語
381,UCe_bdIBvj6ZNJRv0vO773dA,打野哥實況主
382,UCE2XsEVLt-8gm5TsXG7HjjQ,謝秉鈞Attila
383,UC9WiXJEyHMGRqL-__3FIBEw,Lice Wang
384,UC3BYpTzu1an-mVxXUrpF3eg,查理導演
385,UCQTIdBx41To9Gg42aGEO0gQ,體驗師 Marco
386,UCHrxHkdTCQHDilbNqnCQs4g,尋人啟事 The Wanted
387,UCai7jvdKQSgxPINGDBLwk9A,CyberLinkChannel
388,UC7PYlhGzPIc10qHwlYtHdZA,Carnews一手車訊+Option改裝車訊
389,UCxH24OaOPYlcmSCIMK1YcTQ,NovaYaoYao
390,UCcg8Ud70oYeZKuZt6EiTniQ,孩子們的遊樂場 1 Kids Playground.
391,UCCcU2aZiOS4oiOo5qUBYFIw,史萊恩資訊網
392,UC_fBWkiqlYKSJYpov0fJNsg,筱瑀Yui
393,UCTqPBBnP2T57kmiPQ87986g,眼球中央電視台
394,UCiJg7Z7dh3amoy9eAe_DkOw,團長說遊戲
395,UCRlJkcFWf0nhcL-cpvojnNg,朝 朝
396,UCNCJbWl7NkzkJdqhZWN2MPg,OK BOOM
397,UClDnojA3NmOMBgDBKuq4emw,冰樂
398,UCg73Psdr5eCMk6KWFWeSiIw,MOE SPORTS
399,UCM4C14-A6hJQgAMXtTelaFQ,PFK
400,UCtTg9DVdsK6ECR8qLt7qbJA,Mika 球球
401,UCV0RcLpmv9gQum7fylsoaoA,鳥鳥
402,UCHkiMw1fUzhwnizajWrzo7Q,MECBand 小男孩樂團 Men Envy Children
403,UCum3kNB_d9Xn_1lGt1xwQbw,SorryBoner
404,UC9ZfMVhnTJONHM4LgN87mxQ,『Efun遊戲平台』官方頻道
405,UCiQ4DB-7pv-fZgRoLO6sjsw,講日文的台灣女生 Tiffany
406,UCseZu2bejVdgLgEzomfRYUQ,-TorNADo-
407,UCRIWswqmU8dI7AmK6IQgYZQ,RabbitAbi 兔子阿比
408,UCU75w5RneBRxBt6v-YID5Zg,YOZ
409,UCAW2scxfdEMwVRAOul0D4zw,Yuna Jiang
410,UCzlp2uazpgM6Tpm4kj9rqSA,花花与三猫 Cat Live
411,UCuneERr3AhLX3LYwzQQt2WQ,Lin Babyrose
412,UCF-Axe2tzN4jFcR8spy_hug,Live an insight
413,UCBI0wGeAfZ_xJHmOW62UWQQ,將將 Jonstyle
414,UCUYHvN_lHKto9O-dVkJbLpw,吳海文 Kevin Wu
415,UCoQWUg6Sdv0-aSbaR-L1ZFw,尼亞斯
416,UC8MXYrsBDAAOWCYvPvU45Eg,SkyWude 的翻譯天空
417,UCGKFpegl7pnPVBi6FhZd4kQ,SSUtv Sports
418,UC_fG_c0P0OyauS0JhMvhr5A,又仁專屬頻道 YouJen's Official Channel
419,UC7pVBzISVdpDX-8uE4F5zPQ,麻吉弟弟 Machi DiDi
420,UCgx-R5ei9wduXq51TvMq_lw,媽媽經MamaClub
421,UCgxXuXHJ4VwovSTvDiWlzZQ,PTSTalk
422,UC47dZjE2zZn2QR3X0Jr7NNQ,Ani Online Game
423,UCmPxUduEw4oLFvzidCaRuTg,Men's Game 玩物誌
424,UCiY6KGeX6mILr3fICr0sp6A,星鮮話
425,UCUGlE8lf5qH--_XlsabI2XQ,"Stand up, Brian! 博恩站起來！"
426,UCFLAkCBHhz3Q-GM5J7X7P1Q,星貓
427,UCsgNPUqUqD5VAil-iDJAZQw,Rayark Inc.
428,UCvxYSIW8JRiVcx0HQniICxA,旭文日本語學院
429,UCf4HKVbx24Mk-LYv-7Kr36A,未來男友Liann
430,UCzIq3FGf6n8EHWcZMvzrlhg,AMU Game Channel
431,UCcTT0U0ubAFRt5lRNiWZqIw,愚者 AKA
432,UCULLmsVD20N6jn33YGZs5QQ,彩虹小町創意工作室 RainbowTownStudio
433,UCo5N1iS-5o54x48hNMleE4Q,冰沙大叔
434,UCYlR7sckITRRtwF-mRdqu8A,Flash Wolves 閃電狼
435,UC4Mos7L9fkCVhCXBERnWTmQ,朵朵 Duoduo
436,UCyGKw1SC_Os4hRTco0xjBmg,CHAMPION
437,UCYWcAVOwYTWpUanVthcZmaQ,有福星球
438,UCh2J61MN8OhThjMBN7Ho44Q,謙桑遊戲實況
439,UCeLNrHzggGEZnmgCZXDZ_4w,電玩之夜
440,UCqAXHy0yYGXCXGzsl5jImvQ,桿子 Drumstick
441,UCNBgquLyP2zOAJURDJAUYTA,天聲傳播協會
442,UCAqtJ9Us6KjD67j7zPV2xUA,Vamos Sports翊起運動
443,UCDBVfjw9tO5l4rviBTHJi6A,PH
444,UCKEshOzNkXEAtt6h1zS0A6Q,TCar 試車頻道
445,UCRNNHJdQQuTc1PwdphkD68g,Kim 阿金
446,UCI4R54VuE039uUyU_wL0GsA,Sharpaygaga
447,UCZn_4OK5Y8FfxajCaX4AZ_Q,羽毛
448,UCO3r3FllELijijdytnR43NA,黑仔熊
449,UCBDPzPvkdes1gyJ4xS0yBCA,可樂農莊桌上遊戲
450,UCHpwj_AsgvrlqSyUsp2rw8Q,W 的生活旅遊_電影版
451,UCMoUbyG4rzlw7PxdVwnCwVg,R.F.2108
452,UCYChWT3fQWMCS56CORtkiTQ,Butterfly 愷樂
453,UCiuMb0mv6XtwQjQQ95LnJHw,原子邦妮 AstroBunny
454,UCyGUGDvCeXapYlu8FYZHFag,客家電視 HakkaTV
455,UCZrbiZOvQ8sZH5ycwEtyptg,Happiness University 快樂大學
456,UCi7eKRJZvxMhwhiWyARZtjg,小蠍 - 爆哥精華頻道
457,UCeps1H_ch0qDwH8shnRkdhw,Yi-Hsuan Chen
458,UCI1RTYd_EM0v5A-lVVwQgvw,女子月月友
459,UCFs3BgRGaCnPXQee6KK-Orw,Mr.Lu_魯先生
460,UCSgMSX5EARCyzA1P6vWCcpA,kissradio999
461,UCeDhoBQvd33wtNXpQL-RnSw,白癡公主超哥
462,UCCPfI2vQnAc3ZxWpmwDyM1A,Bobo TV
463,UC156sJZHpO2KMm5TotIWM2w,從心閱讀
464,UCl3MRIpEjC4v2wWdsk2Mabw,迪士尼影業
465,UCT4pwSqwC2_hA9Mxp1JW-Zw,BJ4
466,UCP3PORZEl5R27Ax_xjEsqcg,承 承
467,UC3_3sogho3tQTUU_b8ZATZA,倔強朵力 Dori Style Book
468,UCo2lbMKNTK6WTQSdy6QxcSw,Nancy今今
469,UCaLNBrPrV_dd_UzxIK5Dthg,Bonnie 邦妮
470,UCxPjN097semj6-VZxOw963g,fishtv
471,UC93TKC4bZLMfwCeT0oHJz2g,飛宅
472,UC3EnjnderhfWjI9HN8OsFhA,黑熊
473,UCwuJcxQSN66OCqm2pgA-wIw,ChuckerFun
474,UCNnOLaP9FxB2JV7iyIqQUPw,Yue Ze
475,UCI1EvAIviBYUSrBbzwpfErw,電癮好選喆Top movie picks
476,UC76FfHEfnmsiLmsR_PZCBMg,比比內內 BiBiNeNe
477,UCrX6dWtxJSqEfVp1PjgRjWQ,BujoVideoLab
478,UC1_smvBtFP2C-f9_DHn-rYw,IKEA Taiwan 宜家家居
479,UCgG1H0FEOt7DqM1a-fJLjtw,Google Play TW
480,UCyo7yC07ZCKoYb1cD5SRHwQ,Cindy Sung
481,UC3iXVxV3nVfnSC4T0nMORYA,LAI's Records 賴暐哲
482,UC0UN_9ETd4_M_ZlkIncA18g,公共電視-獨立特派員
483,UChappcgOjgjqo0nlcUw8Hyg,音樂無界
484,UCNqggnIE2QOIh_97CU7KWJw,炫喵
485,UCjVVRPc0WRcjO9ARP0mZ6FQ,現在宅知道
486,UCSsHvz_aCD9NMXjzWpwg9qA,再見小南門
487,UCd4vjuRpRn8Ibd3OcPZHsuw,遊戲大亂鬥
488,UCdUHZjGvG-ISrcyDNcREyZA,Dana Lin
489,UC2RREYXc7B-LBTH7xb-d_OQ,張哲生
490,UCbdu8x8oRFQxpVrq4kdRtHQ,老肉 Rock【&Teddy】
491,UCXJJ9PYUbJ2GzZdb1lzTo8Q,哥倫布 Little Columbus
492,UC-No4YmVGbzvpzAP6A33Xyw,RongSamaYou
493,UCyBPhn5oWduXS7OgeoOJ2lA,CAPSULE 詩涼子
494,UCUblDAHVdNEMhQ39ahmPFxA,mobile01
495,UCCgZGIl1zwqs7BbB1Vf642A,小翔 XIANG
496,UCYQDonquvqNhW35w3BSgqAw,半瓶醋
497,UC_s7aCmBPjzMUOgS0gcAf8g,神很大我愛
498,UCOZIhbqS1gjGM-0Pl44nUDw,阿鼻
499,UCsglXH_pNWE2TDCVJyaygFQ,Tiffany OvO
500,UCGF4ZuAYS2okeXZFUJQ2gQQ,SOUL BEATS Dance Studio
501,UC7Ka_Zu-rhvkd5ss1IqXRSw,DisneyChannelTWN
502,UCk_nex73pH45a_IA6iKCpBA,蒼井薰
503,UCkjeNCHbGccZUNxFoSLV5GA,duck19841012
504,UCGGGhsN3cSipliLityaf20w,Ivon Huang
505,UCkdVh8lJBgxKWFzHA00IVlg,檸檬 レモンん LemonN
506,UCFwjMT3zjVLCIVtAU4PGZHQ,雙下巴 Indie Music
507,UCT88-kJ1zf2Mj6SD_oOJ4dQ,Tania Lin
508,UCqpkTGq_WLEpERCHntdKrCA,SOGI 手機王
509,UCAb3pw2Lu0l8Y_O31A7aOxw,愛瘦美官網
510,UC6UBir4I6o_0dJQa8eoGoDQ,貓咪大戰爭中文版官方YouTube
511,UCFK8MOu-vAUPor_i2kBU6UQ,你的飲料好囉
512,UCeFsr3zZhF_7vkyb6w9gKkg,中文歌 - （小美）
513,UCexpzYDEnfmAvPSfG4xbcjA,公視新聞網
514,UCBtbUBrpn2G-MmFrJIBc8qw,MarvelTW
515,UCw1kBWGs9P41CKnxnG9vgzw,非衣燁
516,UCJgJWs9un9HYYzpXU7t1Sgg,滅火器樂團 Fire EX.
517,UCvOxdn_96ij7urV4dvvv12w,米樂士娛樂 Millions Music
518,UCAOpZ2d_kB7796Br3CSm3ZA,日新犬舍
519,UCrfeb_arkQKHlFRB8sC6SXA,鍋貼 Claire Channel
520,UCHV8lZJsXdW8lOFr2z8WPcg,RICO 瑞可生活頻道
521,UCiRkOHN7JVnO-BFId1ricvg,娜荻雅 Nadia
522,UCy_zeM9CScXfUs1uMGmoqCg,天下文化
523,UCUgl5Nk6AIbwqnzVwGO_WAw,紅茶&乾一盅の字幕工作室
524,UCHrMUIAnxNuP4W5TKPUQrcA,康康嘴機車
525,UCdzMtyEM1mEF2oA_PG9g-vA,TeamSKIPtv
526,UCy6DHF0dXFQtosxAME6mauw,惜緣語坊
527,UC7OFNL9vONhOqutrC5D9i9Q,HiStock 嗨投資
528,UCNYffi5-HIYcx-t3tL7X_gQ,ELLE TAIWAN
529,UClMstk3mH2EQAcx0tlZtYUA,籃球世界
530,UCyzOipIWtkYk-bRycCqGMLQ,A Toku
531,UC05LXyjjxOzxDSUbgu3ODoQ,YY 神曲
532,UCVeQrZaD8fOlB5zcxIzFUtg,Lunglung 龍龍
533,UCFWziUD4axmUxlWzM7oArKg,維尼
534,UCTkIXiutwJmvBSZJL6SIMbA,益谷息
535,UCouTB9QM76no5cUdqmFZCOQ,CHOCO TV
536,UCRn23UAnMr16hEJvy2XgCOg,一起追星去
537,UCQxlpU2RD4U5tbM5bxW4omg,鬼道伊藤翔
538,UCEHzRcmMEfxDe3VOFKDTBug,李彥甫
539,UCcNPpRhULJyqgRx7fwHJ2-A,CHINA MIX
540,UCoc-aBVyRXofX7_X19_jzug,林虹伶
541,UC6NOmGMdA1uF7b9gYEiBHlw,Erin's Diary 艾琳的日常
542,UCVNUjsLN4sbQHIfFclaK6qQ,Meimeiwawa Multimedia 妹妹娃娃多媒體
543,UCRKyBC5K2YCoQSiHeSn8gTw,我的珂你的月亮
544,UCjw_lkN-ovtBKG31FTKLLQw,言人文化™ | 最有故事的跨媒平台〔Google〕
545,UCFvq3aUa5PqWVBD0--TMsFw,LaLaMusic
546,UC0OLkXQ4UZM0LLZBFzgPHQw,中二的疏雨
547,UCBWB1ybb-Rn7j1axkS8kkXA,小菜還有小夏。
548,UCfuV-N1nAjnsBRZPlUByVpQ,wilson jj
549,UCXxlznCte1pRG3ImfMSUCHQ,龜狗 SweetCamper
550,UCgnVDGH1srFzNy2Gr_ft0yA,MrJ Gamer51
551,UCpelucHTAhL7s8i2bC2HDGg,backstage music 後台音樂
552,UCa0WAsS4yc9u5XnNEwY70Mw,Łia RBLX
553,UC1CHEfNOssKHyP0PehqXxHg,joehuang90
554,UCyhTOPmMeUL4inFgjaA4QxA,好樂團 GoodBand
555,UC6PikCyA4o4-ZC9YR1GDHmA,SK-II Taiwan
556,UCQs7NEczwdXyXVgjsANG4hA,紅連火
557,UCQHLzoUUxzyBJVoakYrxQyQ,Wow!NEWS 新聞網
558,UCX-yj8EcJpokdzwT9zcO6AA,居妮Ginny Daily
559,UCR1Ljs-M9MqAgVPVBkTkedg,xith2882able
560,UCGIe9rj-cpg9rskn0kwlF2Q,葉宇峻彈吉他
561,UCdOJAN1W_Y8yQZrnOW4yKKQ,Rti中央廣播電臺
562,UCsRi49pLbRcAgGyE_js8j-Q,elsewhite
563,UCMGj4mcNwol9YWYSAZyS48A,大車車模型
564,UCY-5fu-Qc3xW5wkT2WW--fQ,高雄市政府警察局
565,UCQhbp52zX0ySztdZ5Oi1rXQ,Scott Waring
566,UCmyJcBTE2aRn-F2DVLI8amw,彩虹菜鳥
567,UC1BjrXqfmHmBkM2FjBTdg-w,Low Score Boy
568,UCHWsvj23YC_1Wk-u7fsG-Ag,Sirens Vocal Band
569,UCk-rJiNaTKhba3f6AtpRmrg,LONG影音
570,UC9oczg-hUYoCVAVucb0QNtQ,Stident Mole
571,UCrbctXCueK60wHFE2o8YL-Q,自由時報電子報
572,UCXg5MQekag1tVSW2yfvx_Gg,海綿體寶寶
573,UCcuND0XPs9vAvfHXsOrhLwg,Yaco Universe
574,UCtN3gU012OXuT4BJIaq4W6A,羽根
575,UC-CxS4GhucEKQhQc7cvC4wA,Jolin Fans Club & 依林520
576,UCK1s3ZgeS7VYUcYCBt5TW2Q,十九
577,UCkb3qujcJH9JIroi1cTOoog,鬍子樂絲
578,UCiZLTDFNOGtM3s76kbudaOQ,親親2o音樂LîvË【日系音樂】
579,UCgtfC55PoppWBlancLsqIDQ,SHIHO ISSEI 【志甫一成 台灣】
580,UCG5UbUcXShvgbHdO9yNZsnA,Brother Awesome娛樂頻道
581,UCOb-sU5wyS-vVOZbtPlHKVQ,Soul Live Box 台灣原創現場
582,UCqoUIqOC_JDfbXOlIIL8gxw,D計劃
583,UC_iO7Tvr2AqhF_w_HRcfvgA,三采文化 suncolor
584,UCLIAMIi33YC1k82JX8kuHtg,大白话本人
585,UC94oyN2MJOxP8u1ybs7ekMw,周慶霖
586,UC6S-3AuLr2WvZS_YqU5Ii2w,影動台灣
587,UCf6J3Cpq68e_TY7M8vLGmhg,三伏天道
588,UCeY10QBxNDCQ7v6Ei_bwBxA,DangoHana
589,UCdEpz2A4DzV__4C1x2quKLw,PAPAYA 電腦教室
590,UCtSyxB_O0lrJ4QNZfPFQ8HQ,黑小多
591,UCI4siUFwLWAaxU1WIyzd5dw,我叫 MINO
592,UC6VlDACVwqI2Ve70UEzvwng,牡耽蘭
593,UCI9sHrvB331ZbUyozAbLCNw,鳳雩晞風
594,UCxU350UgXlAN564ny8Vdb_A,汪綺/貓不
595,UCamPSYMLTLfLbgcs_fWMHgA,De 丹尼斯
596,UCKb2UlUynRoH9haUohxtM8Q,蕾德姆
597,UCwvvRKkHLXSm1EpWg5eTJDA,玩命
598,UC9RyS1FHuKR5C1A0vC6F55w,SoniaSu TV
599,UCOTGfh2K6PRsesUPLVreCZQ,ILeN 伊連
600,UC2h5c4OAplxUcykHVaPN43Q,哈啦聊電影
601,UCUl9e_jmYcBXRP_KB9mWcpQ,dppsng
602,UCwUC6-DsOs7HdgRfHWMnbNw,棋樂玩文具
603,UCib0gSfOxV5Gq7vjgm9wtkw,骸音レン
604,UCCdk8Vt9pyWIV6wXmjcbBkw,科技城堡: The Sci-tadel
605,UCTJJ2QZ7UZvSrKDLieoPRBg,黑ちゃん
606,UCrS3_3lRhFD27BxVYl8Y1Cw,智林體育台
607,UCK0sAtIe0iJmpxh3S3R0LNA,Ricky 最強電腦製圖
608,UCdvSOYPEuOWER0Z3piDMWVw,Miemie Chen
609,UC-Gkm7qpvxG6dSq-DQ9p3Qw,麥可倉庫機車精品 MITR
610,UCrMejHBAg0KHkzT9necaehA,水玥兒
611,UCarb_V7Eiw9zqyBGJoI9fNg,MR REMOVED _TW
612,UCxnbaqzW_YO3sXD7GvH5vXw,2017第52屆 廣播電視金鐘獎 2017 52nd Golden Bell Awards
613,UCzM3rzxzbiGDzzhKpKDTv8w,YYTV / 許洋洋愛唱歌
614,UCpx0hRwR3sSOM34MDgH4H9A,Anson TV / 旅遊生活頻道
615,UCKvzoyZCDq0dApH8zxoJBtg,Wayne The Pony
616,UCa7QtBk_CyRlt3E3UorpoYQ,6933v
617,UC0DGBD_EtOWq5rdM-YDjWEA,車水馬龍網
618,UCdIuKJZElucRacVUxAST-tQ,W.A. Studio
619,UCxW3k2sDtNVzCbvYqo1kO6A,lichlute
620,UCqBx7C5N3jKgMBG-rUR6o-Q,雙戟
621,UCXXIZxQMFBYw6IEMdFurgWA,阿平電影院 i-PK MOVIE
622,UCt-70zfL_dOd_KCk36SZQrw,極限破台語of Smalling
623,UCXSMxOH8hpWYbNd7LgLi1sA,沃草Watchout
624,UCWOjQfknFuqzoGwgC4EGT_A,曼尼琳各
625,UChWquKFH5jYw3Oxu5oQ40aA,New Life Church 新生命小組教會
626,UCmuz67Mdm2tV8A94uMZJzCA,丹尼娛樂
627,UCONNnfwZ6-P_O8Obx9KGdxA,xiaoshan
628,UCIIoteRd_UrqG5sgEe-8Iog,ATLAS Chen
629,UCoZ_eucUjThlMg6HvMNZfgA,戰犯 WAR Convict Studio
630,UCI4-LsiMesdjdE3e4Yj0Gag,館長直播精選
631,UCzJ_FzSb4feYyQEUDoVktUQ,鼻地大師國動
632,UCNQeWkj4lKuSz7H4Y1Yt7iA,ShoppingLin 歌唱教學
633,UCN5-5cWSLE0UvHh8AaDNtyg,自由電子報小編精選
634,UCKztgYBniOiylJJ9cgheXDw,曹慈
635,UCoOY8_LHn6EBM25BN2_z0Ww,逼呿
636,UCWQX5SwEvEbwFQo4y2_A_rw,MINT TV
637,UCT7Gwd8Ml07BGM45SJDDxmg,Darkness Dragon 闇龍
638,UCKsi-rH0Wvdu6iGQUsx3SMg,CHINA AIRLINES
639,UCJxhfXOKHFPRjMWIWAqXlaQ,MySIEN
640,UCWyKul9xGolA956GUbN-5PQ,正妹本舖
641,UCKA-aOcQqOyRLIbkUaW18XQ,GAMECORES 機核網
642,UC3rDrtQ6-tDNbOMndYycwJw,Nviek5
643,UCquKZ-Ri52ljyU3Rp2xaU4Q,踏石工作室
644,UCQvFtg0Lbah6a8R-jT_xVHQ,阿哲
645,UC8k-hFdfAWNUqW2k24JRTYQ,晴小光
646,UCUCme21hwT5RYit4w8KF9kg,YJPodcast
647,UC-fiX8Jft-k4J2PELaMme8g,Kimi69
648,UCWg8ZGHXHAqhJgSY7a-YJtA,高明輝
649,UCeWnJkafbO0iD5ZdYThX0xA,Music Studio Yawi
650,UCsL-hkDOL2tU_CoAPJ87-Sw,神之裁決
651,UCaQO2Ud6a3xKZSXLI-y4dcQ,小片片说大片
652,UCyzvQs8trbxQXcJRKgQkgZA,風向新聞 Kairos.news
653,UCMlW_OlLKyEwvZBhp-WO0RA,Garrett Destiny
654,UCCwlb7Uqe8fgVGZPEtiV3KA,筱崎Shinozaki
655,UCaD0ZhX0yv3IDhm-SEfCShg,台灣之星
656,UCXWVorfoALf3JV-Fl2XnbaQ,KPOP Acapella & Inst CH3
657,UC0buMUp-4ltoZYUiC0IvG3Q,紅逗 Redou
658,UCuSoXyiHzg-WwQ_XPuie17g,凜皇
659,UC9fYEinD53wynG3D-hcHdVw,職人工廠
660,UCiLUDqRMMqFV7PfFwWPW3_Q,friDay影音
661,UCs-An_9qMz_Q6IeIht_pRUw,KINUKURO
662,UC68Y66vJQZ6plBkJ7ZLNkpQ,FORM- Fight OR Mercy
663,UC4JcyLYextZTuUH7dMfgmyw,Hathaway Lee
664,UCucf3a2E6yiqM2tT8-qe_AQ,雪戀
665,UCOA5XEZa6QMUccm-lGts15w,曾永鴻
666,UCKG_6RSyoPD0rY5lt6rm8nA,Mia柚子dance
667,UCrH66H6nCG4JiPt7IofX5fg,FuryPixel
668,UCps3TWcPQcUoWq8czpH7uxw,Anny古德
669,UCjWGOeIxRuhS10_23w8zbHQ,馬亞
670,UC4cL1uxQ90Jikm6vQoTYOUw,蒼凱 Soukai
671,UC0gP-1M_353Cduac0dy_Q7g,OldMaN Edit
672,UCldimWh8u1od-UXyZj6mbzA,米克瑞 MickRayTW
673,UCupFBIDjxrv3yIbp09AxfaA,Tina Chen linedance
674,UCn6W0zmX3UlGSliKzGXs16g,最好的悲傷的愛情歌曲 - TAIWAN
675,UCwqqkWVsaiXz2MmPdGTHN2Q,夜楓
676,UCaYMOU3PLFLfIl8FzUppgMQ,Ivan's ASMR
677,UCHMNnLoFi22nll_KuDcaRbw,柏林 POWER
678,UCQRidvqiz5ELp4PYvKbD9Wg,Eddie Chen
679,UC62PESPTJEN82zRHUzNa9jA,黑白狼WeaSel
680,UCrx8ObXaYCAotk26AAhljiQ,LoveHYLucy
681,UC8I6Wm_z49Agt7NLL3UEe0w,Yale Chen
682,UCHAL5c5PrCSA4ExAlY_gLuQ,廖小龐
683,UCmdLmYYZzfOAWJNRpuSbRMA,JP 哲皮
684,UCB7keWSd1I-GW2dX2_SJg6w,梓飛魚
685,UCNrEL__ruf5lhj77Kcsw_FQ,FiExhaust
686,UCVNBkSt8-VCtPhSu-n7uOlQ,時雨
687,UCdYbqfJE6W-UOQah9kyKKaA,HanTsai 憨仔
688,UC3NgWrhU3zfvBekZ-JncYcQ,微糖逢
689,UC3InDuUC4uq1SVLoKW0mcfw,飽妮/電影宅
690,UC9Q9kGunw8pzzFQIEpi9jow,Sony Taiwan
691,UC5ibEE0btMSv_D9A6ZllY4A,最愛陈一发儿
692,UCN4pyQJNp9pTwrKjR16RoyQ,RTV Taiwan 基督教台灣改革宗電視台
693,UCrKn1PeOlcIkFWMj01BHblA,大倉美學診所
694,UCuxxhj0aWUyfuCGCWOOQrjQ,施凡偉
695,UCPlHu-3yi3w6MWX5TxXgFQg,由依 Yui
696,UCAEZAWSPHmlCGI4BBOR7Www,ZERWOO LEE
697,UCq9Bu8gEMSihsvR28QWLl5A,maskman 626
698,UCz22ihJfhnWy-2-E6AzkN6g,I-Want Star Taiwan
699,UC8HtlmBjYacq4hLoewLkoQA,Jang Li
700,UCEgn1jcbncnqegoESBaeF2Q,殤月之痕
701,UC-r3V6Y2ljXN9kEBq0a5s8A,ZackExplosion 負能量宅肥魯蛇
702,UCNvmLRL3gdL1SH0tmCMAm5Q,萌樂 ‧ Meng Yue ᴴᴰ
703,UCjS_2pHQnBMbkMC4OqE5bgQ,鱼丸电影
704,UCymLiq5leupwHn6CyPMsZhA,銀玄
705,UCIqARobyIrK51ClQCc7Wr-w,Eason World
706,UCOWmWE31NCHGQuhyiUc_StQ,Rex
707,UCWOb9xnG3XkJp4ZhriPFcTg,Kevin Liu
708,UC5JwOutCGa3sstqQwA4FKNA,華映娛樂
709,UC-5bvYVZo5X2gc_ooLxZ6zw,蛋糕Keki
710,UCCUHdLCdDgEOWMJbk6xWdaA,捲哥
711,UCBBaj1tbLxFhHD0bFAa7WPg,presidentialoffice
712,UCgZFxu8NmuH6wH0Dubznjpw,HRCdanceTV
713,UC65K9AbCwz-To0e4Z8DxHWw,ddloveaavideo
714,UCLUdYLdadLgaoZmhtVUpSBg,阿鬼 kouryaku
715,UC6ZHLoydvIPevb_A5M88L4A,"我是老爸,我不要當爸!"
716,UCs6JfrAsEhjWQkOJcvxCACQ,Meggy Pan
717,UC8nsHpTV7t_XAHeVV14CYCA,Jesus Fashion Worship
718,UCQGK1I5sevaNVEigq7ea5kw,小華~實況
719,UCpy_kIvUiq5bggSmwf3dO3Q,聽歌學英文-東洋風 English songs in Asian style
720,UCm6tVnxbL_BKFURhF4UCjig,娛樂甲上
721,UCYGGdARbsNbWX2nI703Ga3Q,八荒印痕 OctoEast
722,UCI-t5qkRpKckUZAuyiEIWLA,jim6801161
723,UCkKky71swW5NEPd2gIBcUGg,異術家_阿LAND
724,UC48t-Xq1vebadV1p9hpY-GA,Tak moonfire
725,UCEZsBL07QuqjqgWmxcTjlgw,Maltose Cat
726,UC1n5Lv6NljewWTWGvpAxqXA,Real Jung
727,UClF6UCtPxadQpQ-uQzpjIIw,丹布倫二世
728,UCY3Wqfa49pOMkitoCgUcZuQ,林鈺祥
729,UCW6BS5tQAOyj6Df_k45J4MA,ღ 土星人 ღ 小香
730,UC3IyP-aTju89HUkmMVcG2Xw,Squirtle 傑尼龜
731,UCUn77_F5A65HViL9OEvIpLw,蒼藍鴿的醫學天地
732,UCDaSJsHhgjDpm6igd52a_HQ,OωO ゼロ
733,UCdXe3J_zZGBF-ZHnck1sggw,Taipei City Government 臺北市政府
734,UCFREDjq-CjYRqQPCl7qDDzQ,虎!虎! 虎!
735,UCGoP2clUy6p9Jw2So7nLb-g,Zhe Yuan Zhang
736,UCePMQ8oujFbIetPRQBSekjQ,Torch Church
737,UClobZZgPupE-eWrUObzT6LA,天闊 Sky100Gamer
738,UCHJ2m6e8Lkw_m2VhRT119UQ,SKR PRESENTS 史科特音樂
739,UCk7I2MlHFgz--fhouBYT2jw,啾耍起司
740,UC0Z0WmUfQAJWkLTYB0uVQ4w,Prophète Séna AMOUSSOU
741,UCeFqU1AaQlqcZEa7cRoyvzA,侯漢克 HANK
742,UCb5V8hnFDv-RxsKfantQ3eA,KillerBlood
743,UCUhcff42GkExvWAEot55t2A,MIONE LI 妙麗
744,UCHKbdpuc0-61S4yaIURe7ZQ,麥吉
745,UC96AVcZw43LF9Tqf5PFH9VA,KS Media
746,UCBuuedCZbkXyVQmIHOEWeHg,thehuitingvideos
747,UC9TV2GHJpxYPeJcrev_U7JA,qwango0952
748,UCq6_PAhZm1bbPFLvs-eUVgA,Tony Tu
749,UC-YzjKfMd9yAehlIBYVQ5kg,minecraft天翼
750,UCcx68HjydEAi9Cu-CWwrA6w,烏鴉Krs
751,UCiPuEWMBeaJaX42Ptal3KbQ,MoonS 月影
752,UCi5Rc6gyq9carWiawaWeirg,AL MASHUPS
753,UCrP-nEaRkpMZ5lVv3Aygr7g,Miko Happy Fun Channel
754,UCCuAtl0KtgtSowHiXu1iM3Q,ClarkJin's Gamer Video 克拉克勁 遊戲頻道
755,UC5gTxnRO3oJ4ja1Q-LKUDKw,Pagan Tsai
756,UCvmedlSJrOmboI7KLufjyrQ,東東 Eason
757,UC1qSvUAyZLYDti0ouL8kodw,幫尼 yoyo
758,UCBMF9NbQpFGhJ1qKTmmfVXg,We's BAR
759,UC0cdn8lw2htNrVQ8oRI7n9Q,新知筆記 Knowledge Notes
760,UCHxgQxWLpkBX0wLYYoWtIrw,缺氧字幕組
761,UCieyhL1oLRIkZsODdlDtiUA,Taylor Swift Station
762,UCn2filbONdu1XqdC3pnLbdQ,趙偉偉
763,UCYwiZuy6AI13OTNbMZkVO0w,娛樂愛菇菇與鹿鹿
764,UC3Tfy6BYEiA6ksIDVCkJtmQ,Pony Chen
765,UC1wsCEZmvqgM44R-kpex6zA,小神 LT GOD
766,UC3xI2UOifrSTqpiBQuqEzIg,Watts Studio 瓦特計画
767,UCrVO5ZjfM8vFnBOmfa1lPig,秋夜 AuNight
768,UCHVcnuIWWqwXr4KseRYCkkA,紫櫻
769,UCyi9JSgzj2ZIgLsFLjEPcig,堂人街萬事御案內
770,UCFZ-0-CDaAKveR-SFTZhY5g,雪莉不要鬧
771,UCTWspokhDKunY4JQ4Eqp6nA,bersama shalendra
772,UCfQph8b9Tu3MgfuoGmma1jg,Trent Fan
773,UC10Emw8kLzSkVvfjXs0V1MQ,黃美珍 JANE
774,UCFAR11frK8b0bxZw1JlUEfw,BenQ Taiwan
775,UC73kqkiW3hQX7kbwePV9bUA,日常卡屁
776,UCgAVLPuYsfwfWfqRYuaCeVQ,Balloon Boy Len
777,UC8QXSg0JQf3BYtWHNh0H1Lg,古錐熊熊
778,UC6JUUTdiaEzKja0gvqYUB3g,賽巴斯汀
779,UCpFFCkJ8KpAU6Nd-N3RU5Og,Pairote Lohakul
780,UCQK7-4QqGR3y8dzelcU5Xow,非池中藝術網
781,UCBoSZcLEOJ3pdv-fPgAMXag,Mercedes-Benz TW
782,UCmQtSG4uv-b-Amj6oy6iG3w,Ariel Lin 林依晨
783,UCkwBGi-PNfJFCPmvFzrbEPA,杰思國際娛樂 JSJ International Entertainment
784,UCmNsrLJkobeWwrtFD_zEEfQ,Hello This is Grace 顧姐
785,UCOjNT3TrvEUXczIPOl83a-g,太陽
786,UCwWwqeahiEI5rE4BDBPJ_rg,ICS AIRSOFT
787,UC3Wa3Y5Mh6vAa72kPfAOAPA,吳映潔官方專屬頻道GEmma Wu's official channel
788,UCYPSP_gJ-BcREmsDzBIaRvw,Alay Keru
789,UCqXF5KKHziJag9HJXbxzFtQ,Final Nao
790,UCkS_oGH97sg3zXlr7im_ZvA,Reactionary Expat
791,UCY5VnceOhy1PhMKteOQuG5A,Faxz
792,UCwJ9JUfqNrya1Biq6FaQK4g,Max Wayne
793,UCepM0vns4O9M_9c4S96dxGQ,小燒電台
794,UCR3HEaASeOF2SDw_omp4U3A,mefik
795,UCn2nvFgDwiln2EYpB4bQshA,有點傻
796,UCJa2EA8vMd96FGGgbQh6dYw,羅比 Robbie
797,UCwx6AGEdbYknlOQqSevd_LA,計畫通行
798,UCP35n-RmdhU5m1UjvreVcwQ,yan lifestyle
799,UCXP4VMEp2arAr16qiuRrzag,G.J. Lee
800,UCIeXi2ZQLZ-C1vBdZFy_NBQ,韓國控 에 이미
801,UCacpvivQyJtoQDxnJUMssDA,綠紙
802,UCO_KWNDAWQPXRqc-bAWYA2g,最愛初音
803,UCAl10n7MKlD_ZMek8ROaaXQ,Yan30672 x Red
804,UCWIgDda4BPb3P6zCBixaZQg,ufoskyler
805,UCRKzu3Y54TSz606R7fqfBoA,Yahoo好好買
806,UCNtfsK6A1kI0b4sAyrNYPQg,KOS 超人王
807,UC6iLCNfxasiHfJ5_IJjHP0A,Angela 羽
808,UCsP4OZUMAdtwi1bPTbxgOlA,wei wei
809,UCt6GQkhVZBUwj4h0Dr5XdMA,Ford Taiwan
810,UCX5z0dOtlQicbtX-oaSOsxA,Brian Fang
811,UCLPkrcycuVWaOj5FiO5Iz9A,Sea Moon
812,UCRMtjOH902OP9DncflQ_rJg,Pr M
813,UCi6fjZSLeobZ1ee5WttQ17A,高雄市政府 Kaohsiung City Government
814,UCa10rIHXFkFy-7wFCh3UiBw,Bruce Shih Studio
815,UCpWZhwEEyhGTeKy1tkPW9fw,FINAL FANTASY BRAVE EXVIUS 【官方頻道】
816,UCvRSK4CsrxpNQWpItD5G9YA,小右
817,UCl9lY3_tk1CPt3V_b7BrcoQ,mindofmike
818,UCdxcwvXUBge1VaoFlvxj6bQ,金榜函授DVD
819,UCZzargmOTEKff7gI8mbpVZA,視覺錯覺
820,UCe1uLeXIzAA74wDhKUnIleQ,CHIA LIVE
821,UCb5RqTTaAgEeGMG3d-rCDdw,Allie lin
822,UCDJSsTHjTlPIjAZokA2H9eg,Kazima228 中文不太好的日本人
823,UCCHGEzJzpPJ63AHJ9SFa6Rg,老王樂隊
824,UC1IptpM4OqxSKo3pksbPNQg,金克 JinCOs
825,UCvR_Wl0AQdlcMzszDY6GjKQ,Níðhöggr 倫
826,UCF-FtMGOp51kdngTJlqtnNA,Johnny Chiang
827,UC8URZ5vhlSU_Z0uWCglzGTA,信吉衛星電視台
828,UCpKgRpioJ1pMvIC9vqLzuGw,Piza
829,UC32azU7iLL7dqPcXIcaPHow,雞腿 Getwie
830,UClLYOn84dL8rGCBld_ftcEQ,pao kruger
831,UCrM4uijONJtB5i7-nXzVpTw,Joe Jiing
832,UCXxq4dniJhVRkaHjg3jspfA,Xavier 塞維爾實況頻道
833,UCgD0Lk2iyFvq5xr9GUMvsVw,Shon Channel
834,UCCf4J3Uaq6MNCrZ3ULWaSZw,Ryan 0201
835,UC6M6C29jM299zvT82yl8XcQ,Hanson Chien
836,UCG7Aw1Fd5q_gCZKKtpYCUug,大衛直播頻道
837,UCwXox5oyW4usBIKLXHW-W3A,天行見   空中視覺整合服務 歡迎按右上方連結進入官網
838,UC1kwy1RZYBejDu93gc5tmTQ,Rungo Hsin
839,UCYkNfnagLldTZgYBZtT3R3w,李政軒
840,UCB6tcBibm53qRCFlHZNnUuA,Died Liu
841,UCLKnYdZoecU8Zs4bc8ImxWQ,豪宅玩具
842,UCENkjsDjK6Fu5sf_er8KMbw,HeyMrYOYO
843,UCJRxG-UkYJLlJWGhbOEOdng,Kevin Lu l Storm Chasing
844,UCudYba8_hnN5Ffu3XYWbu7Q,阿不就好棒棒
845,UCg2wAAtuv05AyYFDG0emFgw,守護神
846,UCYF-daGl-UcQSD3O9oPvc_A,李俊德
847,UCEw-Hluwux1yQVU3YbuolAA,yajia2801
848,UC9J0k1TBfRJ9DLcJDNLVjpg,Yimie Yu
849,UCCmcIcjktDG4ZGFVF__Xe0w,CH Music
850,UCJrRpZPR1ABygHVQutmEaqQ,. 鳥哥K
851,UCzYC-4lhKyVrD4o1mw1QGPA,金光超大黨
852,UC5UvsbPb7tn6Tf8zRTXNbXw,AK iPad Art
853,UCgjxoIjwm_4eb5FvVOaKB1A,銀絲卷Sam 0w0
854,UCQKcWm7v_fidtBhTXE3x5_g,CATWALK 凱渥
855,UC97YgNWD6QO5mRN3UgJ7VRQ,Hey I'm Alice
856,UCxOj2peYqCMBeZQ6u3uX0ZA,Red 瑞D
857,UCBG5oiLB86di5ogNT44LO9A,何開儒
858,UCduksmzNRigDo69vV1dlaUA,bfpeng
859,UCPtK02FRq2yCwQCuQvPfQEA,killerddt
860,UC2T4AzeVT6GRGKTyCO__rhA,SAKURA TAI
861,UC_sx4Fdlf5wJ7cOcuKoX6Tw,萌芽 Mon ya
862,UCtdRp4yULLKY-844FgStsxQ,夜颯
863,UC3EXlNYqWlli5IjgWHMbQRA,港都慶聯
864,UCTeIKz-G0aTVpMH2qJWc8xg,謝志煌
865,UC5O5RdgzsnIFLgctg_1J0WA,周秀珍
866,UCxLWDXv0L6DgT5Kd11067LQ,Ray 流星
867,UCI7ktPB6toqucpkkCiolwLg,Pan Piano
868,UCf9_5lU9_TdAaOHPZEA-3ug,Wu Dajim
869,UCEGtF-a04njbyJ9FCnE-_1g,randalusa
870,UCG8fAgs1xI9YvYNzEQ5bdxQ,恰吉
871,UCcm3HnWf48fQIx8OVG8xYjw,IvyChuChuTrain
872,UCq_nEce0cqGYvtTIx7C5nbw,Chia-Hung Lin
873,UC4H8trA8aJFfQ493iDTb74A,Ooddly Rosa
874,UCnDcWyeAGKNFZESVueIHS9w,染染 RanRan
875,UC8ZMQRlb6i8RSbo9Iyqgrqg,普洛影音網頻道
876,UCk7qwD99Ys8tkMp4_ZDh_5Q,Leehom Wang
877,UCcEBgbHV3rcee1FfgfHXprw,王紫楓
878,UC4pYOgZp_8Ij2GHtjGwGPUw,TaipowerTV
879,UCdOHcB186_InAcXGE2wWPTg,台北行天宮
880,UCddRb7RBM0-aD87sdnqd88A,張羣禾
881,UC938n2PdVYroOhnsw4qjmyQ,謝順德
882,UCTd3DTehOL5HMEuZ4LQdVPw,樂弟
883,UCgd3SYrEHELDXj5wcmOEc8w,CoastLineSUB_哎亞
884,UCaDYxRRDshYbbfZ5HbPFdGA,陳正典
885,UC1R8bU_tv4kYGyecOXkiubA,3C 新聞 生活 美食 人物 隨便談 RogersTalk
886,UC-6MKePgam9AGovOPH0d4nA,陳約翰
887,UCQxkGNICI9Ktsbpvv8BmkIg,Dessy wu
888,UCg_1Z5e04rbnSntQgUNLtMw,廖正雄
889,UCh2DugqbrFdNRJU6e4BuOFQ,Krauser11235
890,UCN3OMDiiaUX2Oo-V8urI7eQ,姿 Joy J
891,UCklGC0LTSscQcIqmw5ID41Q,Duck Hugh
892,UC18jDfM8UIqYfrYGJNStUag,肥波開吃啦
893,UCw7dbs4Q8Qo-gJnk8B0Yn6Q,古寂園的4K 美麗世界
894,UCqMosGtm6kTqIDIcmU0Ky3A,打火機
895,UCWNpYQuIVlVo6SPYvScgGRw,BAC的頻道
896,UCz9UrhTXuBlL-cEp5hjY4DA,廖述文
897,UCrNjgLOoLgrihc_VTEYUaaQ,棄微笑放
898,UC_KAMSRRoJ7yejFGuZ2dASA,大雲文創
899,UCNkGC4Ys-fjyBM6cuoXGWNQ,arthur Hsu
900,UC2u7uz0A1e1GSQkghfc8UlA,葉書宏 &LBR
901,UCCqJSEnFAPDbTtiAE47GF7Q,Heryuan Su
902,UC5h-pY7H7f8h6R_pmw9Scsg,Sweetgarden 音樂盒、水晶球
903,UCHbsGOIOAI8rWBO1Zn8_Isg,Mika 咪卡
904,UCP5PrhoD9tKpEktETgPxB6g,Girldive 墾丁美人魚學校
905,UC8SU5885ldX3u9P8REtUeHQ,儀 (サエ)
906,UCtkKcXRb1mQvlCGBFkCQxXw,Amy Lei
907,UCh17GgnUSiOizqcjFr2XfUw,九藏喵窩動畫頻道
908,UCDv9vGKLFqhh8VLtnMZIXOg,李科穎 KE
909,UCgBWfN81JH2F6gak95XEyQA,ivan chen
910,UCupHyok0OvZJu2Ak-498lVw,cccindy 1221
911,UCzmaePfo1bnR3SLI_Dz_hdA,幽影
912,UCUZLmSRDcnJT0DhNhssovbw,仁聲學苑 RenSingAcademy
913,UCjrEvibnODU8PrVAq8ruCUQ,PUSHHAND Alon
914,UCWN14tlQXdJBFZ-LMn5b8YQ,nina chen
915,UCdwFkQicHTjIpe-iDS24VkA,陳小村
916,UC2fF9lXBuzZCR1HvTmPzApA,World Design Capital 臺北世界設計之都
917,UC-WTV0VTVo5yy7wBLq7EDsg,漩渦鳴櫻
918,UCJLoqjb1-4isUWxBUx2OKKQ,M eck大叔
919,UClEBs0YrO3VoDEpO-JisgIw,Iamjoe1014
920,UCT4yIf-FPYWjuhwo1H7zQTw,布魯諾
921,UCld04MgdtKOThIk1iWyZJ0Q,Plus One video
922,UC7VJZOkGvUd-1hOU5brBIqA,:3 呆小喵
923,UCIl3QWOEpGVaLYjE9EdA1gA,Caillou Wang 王靖凱
924,UCqPn0NcIm3G6A9s6dNYrSqw,Last Jenosu
925,UCcSVTm1BeruQwHXf7tq2kTA,蟲子蟲子 Worm
926,UC7mmmgNftd-5QZMq4j0k4vA,SUPERMOTO8 超級摩托幫
927,UCX7i14Q64NFBP_xAKOHWBgg,許大雅
928,UCdojzXFOWvZlSSRQZ2eQaNw,Yesika Yoru
929,UCEP0DrnmNThvPNNorKYXwRQ,Tony Yang
930,UCdOLiA9SvBq5HVksiQBn2og,A.U.T.S 星空下的約定
931,UC83pXACTvPqUlQHv9WVyoTw,劉興政
932,UCDfF037y_GHOzlSUWpHH5cw,Lcc - Lao乾媽 海外應援站
933,UCtYU9xhne8GT10xLM6d5GdQ,王志文
934,UCrv2aHstAQpx6gI0rbGMOYQ,無用男 Rain
935,UC9UFBLMNy7uDuZXm0SNSbIg,MingRen_7
936,UCn2lUI7rc53pYgPpYxYjbww,Ble tro
937,UCFr4f5t2DNCQ0MTmxQ-I1Jw,培哥
938,UCv6Hxc-TrepFa5IbqqmsFLA,正港的SeanFreewayAndMinecraft(S.F.A.M.)盛翔頻道
939,UCo6Mf4sqrizhC-wtZQJ4sGg,jack50806
940,UCURSzm9AjYsP95cZopFprbg,XFastestChannel
941,UCs_M-HiZhCY3V0-X1nhURLA,Taiwan Camping
942,UCE7m_yQ85llKvYYX0E3VqOQ,殤War 神
943,UCAVIbni5tMX1f8vqzbAklag,鄭秉原
944,UCGlqV8Fyt7MZ6U7KoO97CFA,Amy Yang
945,UCqivgrype87EW5O3a_Im6mg,Mick Mick
946,UCPivps-T1eMJ65onj_2DjMA,M MUSA
947,UCrfMnSN0UHSQPkWGrel7QAA,好萊塢電影台 HOLLYWOOD MOVIE CHANNEL
948,UCb_vijzZkoTzM_NQJ-utA3A,Taiwaneverything
949,UC8qt4M4OxbkQw_CN9nRzgpg,客家電視-精彩預告
950,UCCTCG3yC0om4KLGpPXRaECA,HoneyCity Studio
951,UCbNJXC2oeMxFn_883WmIDFA,玩點平台
952,UC5aHcK3rgRGGRApnZDCelSg,絲 絲
953,UC3nJK9rLsBxneE-TGgJgP9A,BackMount Krew 後山孩子 BMK
954,UCpw5DcvqnVGjOkEshwdDorg,全民生活報
955,UCdcyAAt1zpBhBSUHL4BEzfg,天翔 Tianxiang
956,UC2nl7q1lZ4SMk_5NlufbgGw,双面刃 Mr.
957,UC0-4FoclNZ-ZuYdZWcQ9cuw,Random Anime Channel
958,UCB2sfz77vf5GtOxd7oPXMow,一小時學盲解
959,UChNFvpixQvkiWqN7y_SsP0g,又瑄寶貝窩
960,UC45ioXfKjo6m3SM7ez-za9g,正成集團 Cheng Seng Group
961,UCpF8PTlSG3DCrm2T0LWQfwg,Gracesieanna
962,UCEXbub6IoK9BZA0O2p-CKqA,星痕達斯
963,UC-9hxB46Ek1XmBvpfULJo3A,皓月玩遊戲
964,UC66CXCqyFbN3wkhw1cDP3yg,SaintLight 聖光
965,UClzEKjd3q10Xc2woT3Fz6Sg,草草
966,UCbjq6vGhfW3bqbi3vmVhPQw,drummerbobo
967,UCB0nUvLR_R9ebQs4WpcnXVA,黃進安
968,UCmAVYovGLYIgXId5cZasOLA,A-Kuan piano
969,UCYi6Vz4QfSMp9WEEMOF9hCw,大頭
970,UCbmgGmS2P0KnxmhNwCDNFjg,Game LIFE 遊戲情報
971,UC6wckmDq3VFVynqOc-UbzqQ,東森旅遊
972,UC7V9QfU9ps8HeReXdvAmFiA,吳大樹
973,UCig-yfqTR5tHwdxuxpmPK7w,Silverstonetech
974,UCMGtPszGOhAVvDRriUhAJRg,Beauty Show
975,UC5soiaTh_Gutr05qWlGLygQ,回憶
976,UC3aHVFQFyxxI8c4aPpmmLDA,Mine TV
977,UC3w6qOJw4mrO4rEN5BE1UNw,貝殼放大 BACKER - FOUNDER
978,UCU3RWLCHM9wTLEsFtCCFuFQ,shadow影影 《實況脈動實況團》
979,UClS_GvDQQWlE51A_o_H9GgQ,Willie870307【３號頻道】
,ID,NAME
0,UCN66UClhMl1BaWjhuI-SkqQ,Momoko
1,UCfco-Pxpknz2_FTP42QjTag,TadaYan
2,UCgBFbs47JMcBhhWnzB43FZg,Yifan Wu
3,UCuE_5hbF4Wcec7MciQ2dxwg,楔石攝影怪兵器
4,UCsh7FK71fqIZEG7iVx5YB6g,axlrock1021
5,UC6nL0v9t7FGHaKkzg7kkV1g,Lao Sue
6,UCGbHWb7MVLC45PF_KdPByEQ,網路行銷教練 林靖騰/活力康
7,UCvqqb7E_Ui0PiA_0seZietg,限稚級AT深夜加油站
8,UCuwSzUuDIJP4gps8KuemHEA,林呈翰
9,UCAqADv-h94nGy1ECetfiUpQ,邱痞子
10,UC4GnZw2ZQ3sCnjMNGpyeuPA,洪郡言
11,UCYpprx98__-tzF0QDcm0W1w,遊戲實況主 - 小坂 GameLive - KOSAKA
12,UCzOJdNXK8fb0GtLor2sNsWA,廷廷的鋼琴窩 tintinpiano
13,UCoHffGpUmRiCyU-KJX2Ngdg,寶島少年兄
14,UCwF9vhzrqP-i4VA0HLV74-Q,漾沐沐
15,UCjHlM96oI0zLBB8i9z5k20g,爭議星星
16,UCV0SKEw5eCOriYcypvYWbuA,shawn newton Boxing
17,UCg8nseLncT6LrO73s1eYEGQ,霄毛
18,UCLg9YbELaHSWAh8bYmsoPSA,我不知道
19,UCITzkxtTM4NqObzxAOE0ZCg,Ian Lee
